gid,FR,avg_exc,avg_inh,max_exc,max_inh,num_exc,num_inh,skew_exc,skew_inh,std_exc,std_inh
0,1,0.009539889794497445,0.004807189923839158,0.01,0.006535313943069744,30,54,-1.8642304841988009,-0.07509232770386041,0.0007112752884780763,0.0008477456613951316
