gid,FR,Unnamed: 0,exc_fr,inh_fr
0,8.6,0,1.5149049142343327,11.704206778566347
1,0.0,1,0.1715568924406945,8.057031773178617
2,0.0,2,0.7030274007561179,10.133135751418694
